#
#
#
# INSERT INTO sv_project.sv_statistique (date, pourcentage, temps_moyen, web_service_id) VALUES ('2020-02-28', 18, 3, 1);
# INSERT INTO sv_project.sv_statistique (date, pourcentage, temps_moyen, web_service_id) VALUES ('2020-03-10', 25, 2, 2);
#
# INSERT INTO sv_project.habilitation (id, mot_de_passe) VALUES ('PBGF123', '$2a$10$13rYqjS63wtNSpyOUEXjC.9DcUoyA6Vlq52cqQLb.lA1Y3IfVzQVS');
# INSERT INTO sv_project.habilitation (id, mot_de_passe) VALUES ('PPDL890', '$2a$10$eIWIuLCJxQCTJok5d6Xmpe1uNNK01Wjz7h38clBnu0Myuny7j1/eG');
# INSERT INTO sv_project.habilitation (id, mot_de_passe) VALUES ('PPQR933', '$2a$10$KXzErhkFT5Xcr5VfHwpC8.nPbMzL7va9EkEbIN4HT2QXFEyMI6abq');
#
# INSERT INTO sv_project.correspondant (id, nom, prenom, fonction, telephone, email) values ('PBGF123', 'Roussely', 'Robert', 'Développeur', '0642749481', 'rousselyrobert@wanadoo.fr');
# INSERT INTO sv_project.correspondant (id, nom, prenom, fonction, telephone, email) values ('PPDL890', 'Delcroix', 'Jean-Luc', 'Directeur', '0000000000', 'jean-luc.delcroix@laposte.fr');
# INSERT INTO sv_project.correspondant (id, nom, prenom, fonction, telephone, email) values ('PPQR933', 'Delannoy', 'Laurence', 'Directeur', '0000000000', 'laurence.delannoy@laposte.fr');
#
#
#
# INSERT INTO sv_project.habilitation (id, mot_de_passe) VALUES ('PBGF123', '123456789');
# INSERT INTO sv_project.habilitation (id, mot_de_passe) VALUES ('PPDL890', 'james');
# INSERT INTO sv_project.habilitation (id, mot_de_passe) VALUES ('PPQR933', 'prstres');
#
#
#
#
#
#
# INSERT INTO sv_project.habilitation_role_list (habilitation_id, role_list) VALUES ('PBGF123', 'ROLE_ADMIN');
# INSERT INTO sv_project.habilitation_role_list (habilitation_id, role_list) VALUES ('PPDL890', 'ROLE_UTILISATEUR');
# INSERT INTO sv_project.habilitation_role_list (habilitation_id, role_list) VALUES ('PPQR933', 'ROLE_SUPERADMIN');
#
# INSERT INTO sv_project.correspondant_application(correspondant, application) VALUES ('PBGF123', 'a1b');
# INSERT INTO sv_project.correspondant_application(correspondant, application) VALUES ('PBGF123', 'bp_');
# INSERT INTO sv_project.correspondant_application(correspondant, application) VALUES ('PBGF123', 'cb_');
# INSERT INTO sv_project.correspondant_application(correspondant, application) VALUES ('PBGF123', 'co_');
# INSERT INTO sv_project.correspondant_application(correspondant, application) VALUES ('PBGF123', 'e6_');
# INSERT INTO sv_project.correspondant_application(correspondant, application) VALUES ('PBGF123', 'ib3');
# INSERT INTO sv_project.correspondant_application(correspondant, application) VALUES ('PBGF123', 'j2d');
# INSERT INTO sv_project.correspondant_application(correspondant, application) VALUES ('PBGF123', 'j4c');
# INSERT INTO sv_project.correspondant_application(correspondant, application) VALUES ('PBGF123', 'l5x');
# INSERT INTO sv_project.correspondant_application(correspondant, application) VALUES ('PBGF123', 'l6_');
# INSERT INTO sv_project.correspondant_application(correspondant, application) VALUES ('PBGF123', 'p4r');
# INSERT INTO sv_project.correspondant_application(correspondant, application) VALUES ('PPDL890', 'a1b');
# INSERT INTO sv_project.correspondant_application(correspondant, application) VALUES ('PPDL890', 'l5x');
# INSERT INTO sv_project.correspondant_application(correspondant, application) VALUES ('PPDL890', 'p4r');
# INSERT INTO sv_project.correspondant_application(correspondant, application) VALUES ('PPDL890', 'co_');
# INSERT INTO sv_project.correspondant_application(correspondant, application) VALUES ('PPDL890', 'nta');
# INSERT INTO sv_project.correspondant_application(correspondant, application) VALUES ('PPDL890', 'mh_');
# INSERT INTO sv_project.correspondant_application(correspondant, application) VALUES ('PPDL890', 'mos');
# INSERT INTO sv_project.correspondant_application(correspondant, application) VALUES ('PPDL890', 'lwb');
# INSERT INTO sv_project.correspondant_application(correspondant, application) VALUES ('PPDL890', 'j2d');
# INSERT INTO sv_project.correspondant_application(correspondant, application) VALUES ('PPDL890', 'lbb');
# INSERT INTO sv_project.correspondant_application(correspondant, application) VALUES ('PPDL890', 'qv_');
#
#
#
# INSERT INTO sv_project.correspondant_application(correspondant, application) VALUES ('PPDL890', 'j2b');
# INSERT INTO sv_project.correspondant_application(correspondant, application) VALUES ('PBGF123', 'j2b');
