#
#
#
# INSERT INTO sv_project.sv_statistique (date, pourcentage, temps_moyen, web_service_id) VALUES ('2020-02-28', 18, 3, 1);
# INSERT INTO sv_project.sv_statistique (date, pourcentage, temps_moyen, web_service_id) VALUES ('2020-03-10', 25, 2, 2);
#
# INSERT INTO sv_project.correspondant (id, nom, prenom, fonction, telephone, email) values ('PBGF123', 'Roussely', 'Robert', 'Développeur', '0642749481', 'rousselyrobert@wanadoo.fr');
# INSERT INTO sv_project.correspondant (id, nom, prenom, fonction, telephone, email) values ('PPDL890', 'Delcroix', 'Jean-Luc', 'Directeur', '0000000000', 'jean-luc.delcroix@laposte.fr');
# INSERT INTO sv_project.correspondant (id, nom, prenom, fonction, telephone, email) values ('PPQR933', 'Delannoy', 'Laurence', 'Directeur', '0000000000', 'laurence.delannoy@laposte.fr');
#
# INSERT INTO sv_project.habilitation (id, mot_de_passe) VALUES ('PBGF123', '$2a$10$13rYqjS63wtNSpyOUEXjC.9DcUoyA6Vlq52cqQLb.lA1Y3IfVzQVS');
# INSERT INTO sv_project.habilitation (id, mot_de_passe) VALUES ('PPDL890', '$2a$10$eIWIuLCJxQCTJok5d6Xmpe1uNNK01Wjz7h38clBnu0Myuny7j1/eG');
# INSERT INTO sv_project.habilitation (id, mot_de_passe) VALUES ('PPQR933', '$2a$10$KXzErhkFT5Xcr5VfHwpC8.nPbMzL7va9EkEbIN4HT2QXFEyMI6abq');
#
# # INSERT INTO sv_project.habilitation (id, mot_de_passe) VALUES ('PBGF123', '123456789');
# # INSERT INTO sv_project.habilitation (id, mot_de_passe) VALUES ('PPDL890', 'james');
# # INSERT INTO sv_project.habilitation (id, mot_de_passe) VALUES ('PPQR933', 'prstres');
#
#
#
#
#
#
# INSERT INTO sv_project.habilitation_role_list (habilitation_id, role_list) VALUES ('PBGF123', 'ROLE_ADMIN');
# INSERT INTO sv_project.habilitation_role_list (habilitation_id, role_list) VALUES ('PPDL890', 'ROLE_UTILISATEUR');
# INSERT INTO sv_project.habilitation_role_list (habilitation_id, role_list) VALUES ('PPQR933', 'ROLE_SUPERADMIN');
#
# INSERT INTO sv_project.application_correspondant(application_id, correspondant_id) VALUES ('a1b', 'PBGF123');
# INSERT INTO sv_project.application_correspondant(application_id, correspondant_id) VALUES ('bp_', 'PBGF123');
# INSERT INTO sv_project.application_correspondant(application_id, correspondant_id) VALUES ('cb_', 'PBGF123');
# INSERT INTO sv_project.application_correspondant(application_id, correspondant_id) VALUES ('co_', 'PBGF123');
# INSERT INTO sv_project.application_correspondant(application_id, correspondant_id) VALUES ('e6_', 'PBGF123');
# INSERT INTO sv_project.application_correspondant(application_id, correspondant_id) VALUES ('ib3', 'PBGF123');
# INSERT INTO sv_project.application_correspondant(application_id, correspondant_id) VALUES ('j2d', 'PBGF123');
# INSERT INTO sv_project.application_correspondant(application_id, correspondant_id) VALUES ('j4c', 'PBGF123');
# INSERT INTO sv_project.application_correspondant(application_id, correspondant_id) VALUES ('l5x', 'PBGF123');
# INSERT INTO sv_project.application_correspondant(application_id, correspondant_id) VALUES ('l6_', 'PBGF123');
# INSERT INTO sv_project.application_correspondant(application_id, correspondant_id) VALUES ('p4r', 'PBGF123');
# INSERT INTO sv_project.application_correspondant(application_id, correspondant_id) VALUES ('a1b', 'PPDL890');
# INSERT INTO sv_project.application_correspondant(application_id, correspondant_id) VALUES ('l5x', 'PPDL890');
# INSERT INTO sv_project.application_correspondant(application_id, correspondant_id) VALUES ('p4r', 'PPDL890');
# INSERT INTO sv_project.application_correspondant(application_id, correspondant_id) VALUES ('co_', 'PPDL890');
# INSERT INTO sv_project.application_correspondant(application_id, correspondant_id) VALUES ('nta', 'PPDL890');
# INSERT INTO sv_project.application_correspondant(application_id, correspondant_id) VALUES ('mh_', 'PPDL890');
# INSERT INTO sv_project.application_correspondant(application_id, correspondant_id) VALUES ('mos', 'PPDL890');
# INSERT INTO sv_project.application_correspondant(application_id, correspondant_id) VALUES ('lwb', 'PPDL890');
# INSERT INTO sv_project.application_correspondant(application_id, correspondant_id) VALUES ('j2d', 'PPDL890');
# INSERT INTO sv_project.application_correspondant(application_id, correspondant_id) VALUES ('lbb', 'PPDL890');
# INSERT INTO sv_project.application_correspondant(application_id, correspondant_id) VALUES ('qv_', 'PPDL890');
#
#
